"","UNITS.%","POPULATION.%"
"1",0.534724452975463,0.124427670789754
"2",0.0889895788490162,4.60591438818947e-07
"3",3.68803220038849,23.343784395031
