"","UNITS.%","POPULATION.%"
"1",48.2728162486454,51.7271837513546
"2",27.5010707880325,27.1209375414111
"3",72.8790624585889,72.4989292119675
