"","UNITS.%","POPULATION.%"
"1",6.00252859938004,51.2732734756593
"2",2.98168868311876,33.5164877693932
"3",13.81654334511,98.1046300263672
