"","UNITS.%","POPULATION.%"
"1",63.1239790344338,36.8760209655662
"2",40.5448429753318,15.7328697959847
"3",84.2671302040153,59.4551570246682
