"","UNITS.%","POPULATION.%"
"1",0.702817766318734,6.92452996880484
"2",0.217368304316752,0.481978350246922
"3",3.91274327521241,33.0749331444878
