"","Df","Sum Sq","Mean Sq","F value","Pr(>F)"
"Host",8,0.562014856951719,0.0702518571189649,3.36221258445747,0.00127473874755953
"Residuals",184,3.84459381588311,0.0208945316080604,NA,NA
