"","Df","Sum Sq","Mean Sq","F value","Pr(>F)"
"Host",8,49.4686448998511,6.18358061248138,9.85456529708744,2.99718808177749e-11
"Residuals",173,108.554706748501,0.627483854037576,NA,NA
