"","Df","Sum Sq","Mean Sq","F value","Pr(>F)"
"Host",6,0.514678792649889,0.0857797987749815,4.11357881198824,0.000713946151397506
"Residuals",163,3.39901284000535,0.0208528395092353,NA,NA
