"","term","estimate","std.error","statistic","p.value"
"1","(Intercept)",5.25,0.246306492360349,21.314907088682,3.33085879900042e-48
"2","HostArabidopsis thaliana",1.06481481481481,0.288333324509811,3.69299947075171,0.000305429004771461
"3","HostEquisetum arvense",0.945652173913041,0.295031856047292,3.20525446500075,0.00163490472531262
"4","HostFestuca rubra",1.04032258064516,0.283261102355269,3.67266303772402,0.000328695252371017
"5","HostHolcus lanatus",1.05,0.317980314324799,3.30209120721695,0.00118826605120817
"6","HostPlantago lanceolata",0.879032258064518,0.28326110235527,3.10325791559627,0.00227057983794272
"7","HostTrifolium repens",2.10185185185185,0.288333324509812,7.28965982487511,1.43034879903712e-11
