"","Df","Sum Sq","Mean Sq","F value","Pr(>F)"
"Host",6,21.0560450849368,3.50934084748947,24.3863431899106,1.54900527191862e-20
"Residuals",164,23.6005822810855,0.143905989518814,NA,NA
