"","Df","Sum Sq","Mean Sq","F value","Pr(>F)"
"Host",8,27.0260571022053,3.37825713777566,23.1389997572984,2.52326456306664e-24
"Residuals",185,27.0097055639309,0.14599840845368,NA,NA
