"","Df","Deviance","Resid. Df","Resid. Dev","Pr(>Chi)"
"NULL",NA,NA,192,611.505301570026,NA
"Host",8,192.390034683216,184,419.11526688681,2.55831711966721e-37
