"","Df","Deviance","Resid. Df","Resid. Dev","Pr(>Chi)"
"NULL",NA,NA,169,500.010592433126,NA
"Host",6,141.671769539477,163,358.338822893648,4.44736904976351e-28
