"","Df","Deviance","Resid. Df","Resid. Dev","Pr(>Chi)"
"NULL",NA,NA,193,43.492717643225,NA
"Host",8,5.02019460170094,185,38.472523041524,0.755415540334291
