"","Df","Deviance","Resid. Df","Resid. Dev","Pr(>Chi)"
"NULL",NA,NA,170,38.5697620523817,NA
"Host",6,3.04621853362922,164,35.5235435187525,0.80302396739962
