"","term","estimate","std.error","statistic","p.value"
"1","(Intercept)",0.646627164937641,0.218217342773537,2.96322536384608,0.00304433590292346
"2","HostArabidopsis thaliana",0.507865582124927,0.241843695680759,2.09997445124774,0.035731088637919
"3","HostEquisetum arvense",0.21203445409988,0.254102262999158,0.834445359113477,0.404030065930833
"4","HostFestuca rubra",0.396722445055697,0.242862999648169,1.63352361467338,0.102358918288524
"5","HostHolcus lanatus",0.257829109289658,0.267260770770922,0.964709891937907,0.334690139250666
"6","HostPlantago lanceolata",0.419195300907478,0.242342566581535,1.72976339576086,0.0836725568344935
"7","HostTrifolium repens",0.711496319215554,0.239045221838102,2.97640887253303,0.00291645742725259
