"","Df","Deviance","Resid. Df","Resid. Dev","Pr(>Chi)"
"NULL",NA,NA,170,50.6170773638401,NA
"Host",6,17.0400005745381,164,33.577076789302,0.00913735508149003
