"","Df","Deviance","Resid. Df","Resid. Dev","Pr(>Chi)"
"NULL",NA,NA,193,68.1709614779968,NA
"Host",8,26.7934850593014,185,41.3774764186954,0.00076742850495425
